<jobSummary archiveFilename="ats_easy/sukravi/archive/22-07/Nyquist-17.6.4-June22=mini-tb101fr=singleXHostMultGen4=Array=4==2=0.2022Jul17_22:44:43.zip" atsTreePath="/auto/iconatest/production/hcl/ats6.0.0">
 <jobName>Nyquist-17.6.4-June22=mini-tb101fr=singleXHostMultGen4=Array=4==2=0</jobName>
 <image>NA</image>
 <passed>0</passed>
 <failed>0</failed>
 <errored>2</errored>
 <aborted>0</aborted>
 <blocked>2</blocked>
 <skipped>0</skipped>
 <unknown>0</unknown>
 <starttime>2022-07-17T22:44:43</starttime>
 <stoptime>2022-07-17T22:45:10</stoptime>
 <runtime>00:27</runtime>
 <testbed/>
 <release/>
 <submitter>sukravi</submitter>
 <debugProfile>0</debugProfile>
 <host>mini-tb101fr.cisco.com</host>
</jobSummary>

