<jobSummary archiveFilename="ats_easy/sukravi/archive/22-07/Nyquist-17.6.4-June22=mini-tb101fr=topo3-4-3=Array=3==2=45.2022Jul17_16:53:59.zip" atsTreePath="/auto/iconatest/production/hcl/ats6.0.0">
 <jobName>Nyquist-17.6.4-June22=mini-tb101fr=topo3-4-3=Array=3==2=45</jobName>
 <image>NA</image>
 <passed>2</passed>
 <failed>0</failed>
 <errored>0</errored>
 <aborted>0</aborted>
 <blocked>0</blocked>
 <skipped>0</skipped>
 <unknown>0</unknown>
 <starttime>2022-07-17T16:53:59</starttime>
 <stoptime>2022-07-17T17:38:48</stoptime>
 <runtime>44:49</runtime>
 <testbed/>
 <release/>
 <submitter>sukravi</submitter>
 <debugProfile>0</debugProfile>
 <host>mini-tb101fr.cisco.com</host>
</jobSummary>

