<jobSummary archiveFilename="ats_easy/sukravi/archive/22-07/Nyquist-17.6.4-June22=mini-tb101fr=dualXHostDualTrunkMultGen8=stack3-frkl=10==2=16.2022Jul16_06:02:45.zip" atsTreePath="/auto/iconatest/production/hcl/ats6.0.0">
 <jobName>Nyquist-17.6.4-June22=mini-tb101fr=dualXHostDualTrunkMultGen8=stack3-frkl=10==2=16</jobName>
 <image>NA</image>
 <passed>2</passed>
 <failed>0</failed>
 <errored>0</errored>
 <aborted>0</aborted>
 <blocked>0</blocked>
 <skipped>0</skipped>
 <unknown>0</unknown>
 <starttime>2022-07-16T06:02:45</starttime>
 <stoptime>2022-07-16T07:04:49</stoptime>
 <runtime>01:02:04</runtime>
 <testbed/>
 <release/>
 <submitter>sukravi</submitter>
 <debugProfile>0</debugProfile>
 <host>mini-tb101fr.cisco.com</host>
</jobSummary>

