<jobSummary archiveFilename="ats_easy/sukravi/archive/22-07/Nyquist-17.6.4-June22=mini-tb101fr=singleXHostMultGen4=Array=4==8=52.2022Jul16_07:06:46.zip" atsTreePath="/auto/iconatest/production/hcl/ats6.0.0">
 <jobName>Nyquist-17.6.4-June22=mini-tb101fr=singleXHostMultGen4=Array=4==8=52</jobName>
 <image>NA</image>
 <passed>6</passed>
 <failed>2</failed>
 <errored>0</errored>
 <aborted>0</aborted>
 <blocked>0</blocked>
 <skipped>0</skipped>
 <unknown>0</unknown>
 <starttime>2022-07-16T07:06:46</starttime>
 <stoptime>2022-07-16T13:09:02</stoptime>
 <runtime>06:02:16</runtime>
 <testbed/>
 <release/>
 <submitter>sukravi</submitter>
 <debugProfile>0</debugProfile>
 <host>mini-tb101fr.cisco.com</host>
</jobSummary>

